{
  "run": [
    {
      "filePath": "/webapp/Component.js",
      "previewMode": 1,
      "dataMode": 1,
      "workspace": "withoutWorkspace",
      "ui5ActiveVersion": null,
      "ui5VerSource": null,
      "isDefaultVersion": 0,
      "urlParameters": [],
      "hashParameter": "",
      "backendSystem": [],
      "_metadata": {
        "runnerId": "fiorirunner",
        "id": 6169733,
        "displayName": "Run Component.js",
        "lastRunTimeStamp": 1524029923774
      }
    },
    {
      "filePath": "/webapp/index.html",
      "previewMode": 1,
      "dataMode": 1,
      "workspace": "withoutWorkspace",
      "ui5ActiveVersion": null,
      "ui5VerSource": null,
      "isDefaultVersion": 0,
      "urlParameters": [],
      "hashParameter": "",
      "backendSystem": [],
      "urlParametersNotNeeded": false,
      "_metadata": {
        "runnerId": "webapprunner",
        "id": 6141381,
        "displayName": "Run index.html",
        "lastRunTimeStamp": 1522833904262
      }
    }
  ]
}