<core:FragmentDefinition xmlns:form="sap.ui.layout.form" xmlns:l="sap.ui.layout" xmlns="sap.m" xmlns:core="sap.ui.core"
	xmlns:f="sap.ui.layout.form" xmlns:tnt="sap.tnt" xmlns:mvc="sap.ui.core.mvc" xmlns:t="sap.ui.table" xmlns:fb="sap.ui.comp.filterbar">
	<Dialog title="Customer Dialog" contentHeight="400px" contentWidth="250px">
		<content></content>
		<beginButton>
			<Button text="Ok" press="onOkPress"></Button>
		</beginButton>
		<endButton>
			<Button text="Cancel" press="onCancelPress"></Button>
		</endButton>
	</Dialog>
</core:FragmentDefinition>