{
    "tableitems":[{
    "Ausgabe":"4/2019",
"Ausgabedatum":"01.04.2019",
"Kategorie":"Forschung",
"Titel":"Landbewirtschaftung steuert Nitrataustrage eine Modellstudie",
"Autoren":"Dr. Andreas Bauwe, Prof. D.Bernd Lennartz",
"URL":"https://www.springerprofessional.de/landbewirtschaftung-steuert-nitrataustraege-eine-modellstudie/16592586"
     },
     {
     	 "Ausgabe":"4/2019",
"Ausgabedatum":"01.04.2019",
"Kategorie":"Forschung",
"Titel":"Landbewirtschaftung steuert Nitrataustrage eine Modellstudie",
"Autoren":"Dr. Andreas Bauwe, Prof. D.Bernd Lennartz",
"URL":"https://www.springerprofessional.de/landbewirtschaftung-steuert-nitrataustraege-eine-modellstudie/16592586"
    
    
     },
     {
     	 "Ausgabe":"4/2019",
"Ausgabedatum":"01.04.2019",
"Kategorie":"Forschung",
"Titel":"Landbewirtschaftung steuert Nitrataustrage eine Modellstudie",
"Autoren":"Dr. Andreas Bauwe, Prof. D.Bernd Lennartz",
"URL":"https://www.springerprofessional.de/landbewirtschaftung-steuert-nitrataustraege-eine-modellstudie/16592586"
    
     },
     {
     	 "Ausgabe":"4/2019",
"Ausgabedatum":"01.04.2019",
"Kategorie":"Forschung",
"Titel":"Landbewirtschaftung steuert Nitrataustrage eine Modellstudie",
"Autoren":"Dr. Andreas Bauwe, Prof. D.Bernd Lennartz",
"URL":"https://www.springerprofessional.de/landbewirtschaftung-steuert-nitrataustraege-eine-modellstudie/16592586"
    
     },
     {
     	 "Ausgabe":"4/2019",
"Ausgabedatum":"01.04.2019",
"Kategorie":"Forschung",
"Titel":"Landbewirtschaftung steuert Nitrataustrage eine Modellstudie",
"Autoren":"Dr. Andreas Bauwe, Prof. D.Bernd Lennartz",
"URL":"https://www.springerprofessional.de/landbewirtschaftung-steuert-nitrataustraege-eine-modellstudie/16592586"
    
     }
     ]
     
     
    
	}